STATION,NAME,DATE,AWND
USW00012917,"PORT ARTHUR SE TX REGIONAL AIRPORT, TX US",1984-01,4.3
USW00012917,"PORT ARTHUR SE TX REGIONAL AIRPORT, TX US",1984-02,5
USW00012917,"PORT ARTHUR SE TX REGIONAL AIRPORT, TX US",1984-03,5.1
USW00012917,"PORT ARTHUR SE TX REGIONAL AIRPORT, TX US",1984-04,5.5
USW00012917,"PORT ARTHUR SE TX REGIONAL AIRPORT, TX US",1984-05,4.5
USW00012917,"PORT ARTHUR SE TX REGIONAL AIRPORT, TX US",1984-06,3.9
USW00012917,"PORT ARTHUR SE TX REGIONAL AIRPORT, TX US",1984-07,3.2
USW00012917,"PORT ARTHUR SE TX REGIONAL AIRPORT, TX US",1984-08,3.2
USW00012917,"PORT ARTHUR SE TX REGIONAL AIRPORT, TX US",1984-09,4.5
USW00012917,"PORT ARTHUR SE TX REGIONAL AIRPORT, TX US",1984-10,4.4
USW00012917,"PORT ARTHUR SE TX REGIONAL AIRPORT, TX US",1984-11,4.5
USW00012917,"PORT ARTHUR SE TX REGIONAL AIRPORT, TX US",1984-12,4.9
USW00012917,"PORT ARTHUR SE TX REGIONAL AIRPORT, TX US",1985-01,4.4
USW00012917,"PORT ARTHUR SE TX REGIONAL AIRPORT, TX US",1985-02,4.8
USW00012917,"PORT ARTHUR SE TX REGIONAL AIRPORT, TX US",1985-03,4.5
USW00012917,"PORT ARTHUR SE TX REGIONAL AIRPORT, TX US",1985-04,4.6
USW00012917,"PORT ARTHUR SE TX REGIONAL AIRPORT, TX US",1985-05,3.5
USW00012917,"PORT ARTHUR SE TX REGIONAL AIRPORT, TX US",1985-06,3.7
USW00012917,"PORT ARTHUR SE TX REGIONAL AIRPORT, TX US",1985-07,3
USW00012917,"PORT ARTHUR SE TX REGIONAL AIRPORT, TX US",1985-08,3
USW00012917,"PORT ARTHUR SE TX REGIONAL AIRPORT, TX US",1985-09,3.9
USW00012917,"PORT ARTHUR SE TX REGIONAL AIRPORT, TX US",1985-10,4.8
USW00012917,"PORT ARTHUR SE TX REGIONAL AIRPORT, TX US",1985-11,4.3
USW00012917,"PORT ARTHUR SE TX REGIONAL AIRPORT, TX US",1985-12,4
USW00012917,"PORT ARTHUR SE TX REGIONAL AIRPORT, TX US",1986-01,4.1
USW00012917,"PORT ARTHUR SE TX REGIONAL AIRPORT, TX US",1986-02,4.5
USW00012917,"PORT ARTHUR SE TX REGIONAL AIRPORT, TX US",1986-03,3.7
USW00012917,"PORT ARTHUR SE TX REGIONAL AIRPORT, TX US",1986-04,4.2
USW00012917,"PORT ARTHUR SE TX REGIONAL AIRPORT, TX US",1986-05,4.2
USW00012917,"PORT ARTHUR SE TX REGIONAL AIRPORT, TX US",1986-06,3.4
USW00012917,"PORT ARTHUR SE TX REGIONAL AIRPORT, TX US",1986-07,3.5
USW00012917,"PORT ARTHUR SE TX REGIONAL AIRPORT, TX US",1986-08,3.1
USW00012917,"PORT ARTHUR SE TX REGIONAL AIRPORT, TX US",1986-09,3.7
USW00012917,"PORT ARTHUR SE TX REGIONAL AIRPORT, TX US",1986-10,3.8
USW00012917,"PORT ARTHUR SE TX REGIONAL AIRPORT, TX US",1986-11,4.7
USW00012917,"PORT ARTHUR SE TX REGIONAL AIRPORT, TX US",1986-12,4.2
USW00012917,"PORT ARTHUR SE TX REGIONAL AIRPORT, TX US",1987-01,4.3
USW00012917,"PORT ARTHUR SE TX REGIONAL AIRPORT, TX US",1987-02,4.7
USW00012917,"PORT ARTHUR SE TX REGIONAL AIRPORT, TX US",1987-03,4.4
USW00012917,"PORT ARTHUR SE TX REGIONAL AIRPORT, TX US",1987-04,4
USW00012917,"PORT ARTHUR SE TX REGIONAL AIRPORT, TX US",1987-05,3.4
USW00012917,"PORT ARTHUR SE TX REGIONAL AIRPORT, TX US",1987-06,3.7
USW00012917,"PORT ARTHUR SE TX REGIONAL AIRPORT, TX US",1987-07,3.2
USW00012917,"PORT ARTHUR SE TX REGIONAL AIRPORT, TX US",1987-08,3.1
USW00012917,"PORT ARTHUR SE TX REGIONAL AIRPORT, TX US",1987-09,3
USW00012917,"PORT ARTHUR SE TX REGIONAL AIRPORT, TX US",1987-10,3.6
USW00012917,"PORT ARTHUR SE TX REGIONAL AIRPORT, TX US",1987-11,4.1
USW00012917,"PORT ARTHUR SE TX REGIONAL AIRPORT, TX US",1987-12,4.5
USW00012917,"PORT ARTHUR SE TX REGIONAL AIRPORT, TX US",1988-01,5
USW00012917,"PORT ARTHUR SE TX REGIONAL AIRPORT, TX US",1988-02,4.3
USW00012917,"PORT ARTHUR SE TX REGIONAL AIRPORT, TX US",1988-03,5
USW00012917,"PORT ARTHUR SE TX REGIONAL AIRPORT, TX US",1988-04,4.6
USW00012917,"PORT ARTHUR SE TX REGIONAL AIRPORT, TX US",1988-05,4
USW00012917,"PORT ARTHUR SE TX REGIONAL AIRPORT, TX US",1988-06,3.7
USW00012917,"PORT ARTHUR SE TX REGIONAL AIRPORT, TX US",1988-07,3.2
USW00012917,"PORT ARTHUR SE TX REGIONAL AIRPORT, TX US",1988-08,3.1
USW00012917,"PORT ARTHUR SE TX REGIONAL AIRPORT, TX US",1988-09,4
USW00012917,"PORT ARTHUR SE TX REGIONAL AIRPORT, TX US",1988-10,4
USW00012917,"PORT ARTHUR SE TX REGIONAL AIRPORT, TX US",1988-11,5.1
USW00012917,"PORT ARTHUR SE TX REGIONAL AIRPORT, TX US",1988-12,4.5
USW00012917,"PORT ARTHUR SE TX REGIONAL AIRPORT, TX US",1989-01,4.5
USW00012917,"PORT ARTHUR SE TX REGIONAL AIRPORT, TX US",1989-02,5.7
USW00012917,"PORT ARTHUR SE TX REGIONAL AIRPORT, TX US",1989-03,5.5
USW00012917,"PORT ARTHUR SE TX REGIONAL AIRPORT, TX US",1989-04,5.1
USW00012917,"PORT ARTHUR SE TX REGIONAL AIRPORT, TX US",1989-05,5
USW00012917,"PORT ARTHUR SE TX REGIONAL AIRPORT, TX US",1989-06,4.9
USW00012917,"PORT ARTHUR SE TX REGIONAL AIRPORT, TX US",1989-07,3.6
USW00012917,"PORT ARTHUR SE TX REGIONAL AIRPORT, TX US",1989-08,3.3
USW00012917,"PORT ARTHUR SE TX REGIONAL AIRPORT, TX US",1989-09,3.7
USW00012917,"PORT ARTHUR SE TX REGIONAL AIRPORT, TX US",1989-10,3.9
USW00012917,"PORT ARTHUR SE TX REGIONAL AIRPORT, TX US",1989-11,4.1
USW00012917,"PORT ARTHUR SE TX REGIONAL AIRPORT, TX US",1989-12,4
USW00012917,"PORT ARTHUR SE TX REGIONAL AIRPORT, TX US",1990-01,4.3
USW00012917,"PORT ARTHUR SE TX REGIONAL AIRPORT, TX US",1990-02,4.7
USW00012917,"PORT ARTHUR SE TX REGIONAL AIRPORT, TX US",1990-03,4.5
USW00012917,"PORT ARTHUR SE TX REGIONAL AIRPORT, TX US",1990-04,4.9
USW00012917,"PORT ARTHUR SE TX REGIONAL AIRPORT, TX US",1990-05,5.3
USW00012917,"PORT ARTHUR SE TX REGIONAL AIRPORT, TX US",1990-06,3.6
USW00012917,"PORT ARTHUR SE TX REGIONAL AIRPORT, TX US",1990-07,2.7
USW00012917,"PORT ARTHUR SE TX REGIONAL AIRPORT, TX US",1990-08,2.5
USW00012917,"PORT ARTHUR SE TX REGIONAL AIRPORT, TX US",1990-09,2.6
USW00012917,"PORT ARTHUR SE TX REGIONAL AIRPORT, TX US",1990-10,3.4
USW00012917,"PORT ARTHUR SE TX REGIONAL AIRPORT, TX US",1990-11,4
USW00012917,"PORT ARTHUR SE TX REGIONAL AIRPORT, TX US",1990-12,4.4
USW00012917,"PORT ARTHUR SE TX REGIONAL AIRPORT, TX US",1991-01,4.1
USW00012917,"PORT ARTHUR SE TX REGIONAL AIRPORT, TX US",1991-02,4.1
USW00012917,"PORT ARTHUR SE TX REGIONAL AIRPORT, TX US",1991-03,4.8
USW00012917,"PORT ARTHUR SE TX REGIONAL AIRPORT, TX US",1991-04,4.5
USW00012917,"PORT ARTHUR SE TX REGIONAL AIRPORT, TX US",1991-05,4.2
USW00012917,"PORT ARTHUR SE TX REGIONAL AIRPORT, TX US",1991-06,3
USW00012917,"PORT ARTHUR SE TX REGIONAL AIRPORT, TX US",1991-07,2.7
USW00012917,"PORT ARTHUR SE TX REGIONAL AIRPORT, TX US",1991-08,2.6
USW00012917,"PORT ARTHUR SE TX REGIONAL AIRPORT, TX US",1991-09,3.1
USW00012917,"PORT ARTHUR SE TX REGIONAL AIRPORT, TX US",1991-10,3.4
USW00012917,"PORT ARTHUR SE TX REGIONAL AIRPORT, TX US",1991-11,4.2
USW00012917,"PORT ARTHUR SE TX REGIONAL AIRPORT, TX US",1991-12,4.3
USW00012917,"PORT ARTHUR SE TX REGIONAL AIRPORT, TX US",1992-01,3.5
USW00012917,"PORT ARTHUR SE TX REGIONAL AIRPORT, TX US",1992-02,4.3
USW00012917,"PORT ARTHUR SE TX REGIONAL AIRPORT, TX US",1992-03,4.8
USW00012917,"PORT ARTHUR SE TX REGIONAL AIRPORT, TX US",1992-04,4.1
USW00012917,"PORT ARTHUR SE TX REGIONAL AIRPORT, TX US",1992-05,3.9
USW00012917,"PORT ARTHUR SE TX REGIONAL AIRPORT, TX US",1992-06,3.4
USW00012917,"PORT ARTHUR SE TX REGIONAL AIRPORT, TX US",1992-07,3.4
USW00012917,"PORT ARTHUR SE TX REGIONAL AIRPORT, TX US",1992-08,3.3
USW00012917,"PORT ARTHUR SE TX REGIONAL AIRPORT, TX US",1992-09,4.1
USW00012917,"PORT ARTHUR SE TX REGIONAL AIRPORT, TX US",1992-10,3.8
USW00012917,"PORT ARTHUR SE TX REGIONAL AIRPORT, TX US",1992-11,4.2
USW00012917,"PORT ARTHUR SE TX REGIONAL AIRPORT, TX US",1992-12,4.2
USW00012917,"PORT ARTHUR SE TX REGIONAL AIRPORT, TX US",1993-01,4.1
USW00012917,"PORT ARTHUR SE TX REGIONAL AIRPORT, TX US",1993-02,4.2
USW00012917,"PORT ARTHUR SE TX REGIONAL AIRPORT, TX US",1993-03,4.4
USW00012917,"PORT ARTHUR SE TX REGIONAL AIRPORT, TX US",1993-04,5.1
USW00012917,"PORT ARTHUR SE TX REGIONAL AIRPORT, TX US",1993-05,4.1
USW00012917,"PORT ARTHUR SE TX REGIONAL AIRPORT, TX US",1993-06,4
USW00012917,"PORT ARTHUR SE TX REGIONAL AIRPORT, TX US",1993-07,3
USW00012917,"PORT ARTHUR SE TX REGIONAL AIRPORT, TX US",1993-08,2.4
USW00012917,"PORT ARTHUR SE TX REGIONAL AIRPORT, TX US",1993-09,3.4
USW00012917,"PORT ARTHUR SE TX REGIONAL AIRPORT, TX US",1993-10,3.8
USW00012917,"PORT ARTHUR SE TX REGIONAL AIRPORT, TX US",1993-11,4.4
USW00012917,"PORT ARTHUR SE TX REGIONAL AIRPORT, TX US",1993-12,3.7
USW00012917,"PORT ARTHUR SE TX REGIONAL AIRPORT, TX US",1994-01,4.4
USW00012917,"PORT ARTHUR SE TX REGIONAL AIRPORT, TX US",1994-02,4.4
USW00012917,"PORT ARTHUR SE TX REGIONAL AIRPORT, TX US",1994-03,4.3
USW00012917,"PORT ARTHUR SE TX REGIONAL AIRPORT, TX US",1994-04,4.2
USW00012917,"PORT ARTHUR SE TX REGIONAL AIRPORT, TX US",1994-05,3.5
USW00012917,"PORT ARTHUR SE TX REGIONAL AIRPORT, TX US",1994-06,3.7
USW00012917,"PORT ARTHUR SE TX REGIONAL AIRPORT, TX US",1994-07,3.3
USW00012917,"PORT ARTHUR SE TX REGIONAL AIRPORT, TX US",1994-08,2.9
USW00012917,"PORT ARTHUR SE TX REGIONAL AIRPORT, TX US",1994-09,3.3
USW00012917,"PORT ARTHUR SE TX REGIONAL AIRPORT, TX US",1994-10,4.1
USW00012917,"PORT ARTHUR SE TX REGIONAL AIRPORT, TX US",1994-11,4.4
USW00012917,"PORT ARTHUR SE TX REGIONAL AIRPORT, TX US",1994-12,4.1
USW00012917,"PORT ARTHUR SE TX REGIONAL AIRPORT, TX US",1995-01,4.9
USW00012917,"PORT ARTHUR SE TX REGIONAL AIRPORT, TX US",1995-02,4.6
USW00012917,"PORT ARTHUR SE TX REGIONAL AIRPORT, TX US",1995-03,5.1
USW00012917,"PORT ARTHUR SE TX REGIONAL AIRPORT, TX US",1995-04,5
USW00012917,"PORT ARTHUR SE TX REGIONAL AIRPORT, TX US",1995-05,4.8
USW00012917,"PORT ARTHUR SE TX REGIONAL AIRPORT, TX US",1995-06,4
USW00012917,"PORT ARTHUR SE TX REGIONAL AIRPORT, TX US",1995-07,3.2
USW00012917,"PORT ARTHUR SE TX REGIONAL AIRPORT, TX US",1995-08,2.3
USW00012917,"PORT ARTHUR SE TX REGIONAL AIRPORT, TX US",1995-09,2.8
USW00012917,"PORT ARTHUR SE TX REGIONAL AIRPORT, TX US",1995-10,3.8
USW00012917,"PORT ARTHUR SE TX REGIONAL AIRPORT, TX US",1995-11,4.2
USW00012917,"PORT ARTHUR SE TX REGIONAL AIRPORT, TX US",1995-12,4.2
USW00012917,"PORT ARTHUR SE TX REGIONAL AIRPORT, TX US",1996-01,4.9
USW00012917,"PORT ARTHUR SE TX REGIONAL AIRPORT, TX US",1996-02,4.8
USW00012917,"PORT ARTHUR SE TX REGIONAL AIRPORT, TX US",1996-03,4.6
USW00012917,"PORT ARTHUR SE TX REGIONAL AIRPORT, TX US",1996-04,5
USW00012917,"PORT ARTHUR SE TX REGIONAL AIRPORT, TX US",1996-05,4.6
USW00012917,"PORT ARTHUR SE TX REGIONAL AIRPORT, TX US",1996-06,2.9
USW00012917,"PORT ARTHUR SE TX REGIONAL AIRPORT, TX US",1996-07,2.4
USW00012917,"PORT ARTHUR SE TX REGIONAL AIRPORT, TX US",1996-08,2.7
USW00012917,"PORT ARTHUR SE TX REGIONAL AIRPORT, TX US",1996-09,2.7
USW00012917,"PORT ARTHUR SE TX REGIONAL AIRPORT, TX US",1996-10,4.1
USW00012917,"PORT ARTHUR SE TX REGIONAL AIRPORT, TX US",1996-11,4.4
USW00012917,"PORT ARTHUR SE TX REGIONAL AIRPORT, TX US",1996-12,4
USW00012917,"PORT ARTHUR SE TX REGIONAL AIRPORT, TX US",1997-01,4.4
USW00012917,"PORT ARTHUR SE TX REGIONAL AIRPORT, TX US",1997-02,5.1
USW00012917,"PORT ARTHUR SE TX REGIONAL AIRPORT, TX US",1997-03,4.5
USW00012917,"PORT ARTHUR SE TX REGIONAL AIRPORT, TX US",1997-04,4.9
USW00012917,"PORT ARTHUR SE TX REGIONAL AIRPORT, TX US",1997-05,3.6
USW00012917,"PORT ARTHUR SE TX REGIONAL AIRPORT, TX US",1997-06,2.9
USW00012917,"PORT ARTHUR SE TX REGIONAL AIRPORT, TX US",1997-07,2.4
USW00012917,"PORT ARTHUR SE TX REGIONAL AIRPORT, TX US",1997-08,2.8
USW00012917,"PORT ARTHUR SE TX REGIONAL AIRPORT, TX US",1997-09,2.8
USW00012917,"PORT ARTHUR SE TX REGIONAL AIRPORT, TX US",1997-10,4.2
USW00012917,"PORT ARTHUR SE TX REGIONAL AIRPORT, TX US",1997-11,4
USW00012917,"PORT ARTHUR SE TX REGIONAL AIRPORT, TX US",1997-12,4
USW00012917,"PORT ARTHUR SE TX REGIONAL AIRPORT, TX US",1998-01,4.6
USW00012917,"PORT ARTHUR SE TX REGIONAL AIRPORT, TX US",1998-02,4.2
USW00012917,"PORT ARTHUR SE TX REGIONAL AIRPORT, TX US",1998-03,5.3
USW00012917,"PORT ARTHUR SE TX REGIONAL AIRPORT, TX US",1998-04,4.2
USW00012917,"PORT ARTHUR SE TX REGIONAL AIRPORT, TX US",1998-05,3.7
USW00012917,"PORT ARTHUR SE TX REGIONAL AIRPORT, TX US",1998-06,4.7
USW00012917,"PORT ARTHUR SE TX REGIONAL AIRPORT, TX US",1998-07,3
USW00012917,"PORT ARTHUR SE TX REGIONAL AIRPORT, TX US",1998-08,2.5
USW00012917,"PORT ARTHUR SE TX REGIONAL AIRPORT, TX US",1998-09,4
USW00012917,"PORT ARTHUR SE TX REGIONAL AIRPORT, TX US",1998-10,3.8
USW00012917,"PORT ARTHUR SE TX REGIONAL AIRPORT, TX US",1998-11,3.6
USW00012917,"PORT ARTHUR SE TX REGIONAL AIRPORT, TX US",1998-12,4.2
USW00012917,"PORT ARTHUR SE TX REGIONAL AIRPORT, TX US",1999-01,4.9
USW00012917,"PORT ARTHUR SE TX REGIONAL AIRPORT, TX US",1999-02,4.3
USW00012917,"PORT ARTHUR SE TX REGIONAL AIRPORT, TX US",1999-03,4.7
USW00012917,"PORT ARTHUR SE TX REGIONAL AIRPORT, TX US",1999-04,5.1
USW00012917,"PORT ARTHUR SE TX REGIONAL AIRPORT, TX US",1999-05,3.9
USW00012917,"PORT ARTHUR SE TX REGIONAL AIRPORT, TX US",1999-06,3.3
USW00012917,"PORT ARTHUR SE TX REGIONAL AIRPORT, TX US",1999-07,2.6
USW00012917,"PORT ARTHUR SE TX REGIONAL AIRPORT, TX US",1999-08,2.6
USW00012917,"PORT ARTHUR SE TX REGIONAL AIRPORT, TX US",1999-09,3.1
USW00012917,"PORT ARTHUR SE TX REGIONAL AIRPORT, TX US",1999-10,2.9
USW00012917,"PORT ARTHUR SE TX REGIONAL AIRPORT, TX US",1999-11,2.6
USW00012917,"PORT ARTHUR SE TX REGIONAL AIRPORT, TX US",1999-12,4.1
USW00012917,"PORT ARTHUR SE TX REGIONAL AIRPORT, TX US",2000-01,4.8
USW00012917,"PORT ARTHUR SE TX REGIONAL AIRPORT, TX US",2000-02,4.6
USW00012917,"PORT ARTHUR SE TX REGIONAL AIRPORT, TX US",2000-03,4.4
USW00012917,"PORT ARTHUR SE TX REGIONAL AIRPORT, TX US",2000-04,4.1
USW00012917,"PORT ARTHUR SE TX REGIONAL AIRPORT, TX US",2000-05,4.5
USW00012917,"PORT ARTHUR SE TX REGIONAL AIRPORT, TX US",2000-06,3.8
USW00012917,"PORT ARTHUR SE TX REGIONAL AIRPORT, TX US",2000-07,2.7
USW00012917,"PORT ARTHUR SE TX REGIONAL AIRPORT, TX US",2000-08,2.6
USW00012917,"PORT ARTHUR SE TX REGIONAL AIRPORT, TX US",2000-09,3.7
USW00012917,"PORT ARTHUR SE TX REGIONAL AIRPORT, TX US",2000-10,4
USW00012917,"PORT ARTHUR SE TX REGIONAL AIRPORT, TX US",2000-11,4.4
USW00012917,"PORT ARTHUR SE TX REGIONAL AIRPORT, TX US",2000-12,4.7
USW00012917,"PORT ARTHUR SE TX REGIONAL AIRPORT, TX US",2001-01,4
USW00012917,"PORT ARTHUR SE TX REGIONAL AIRPORT, TX US",2001-02,4.4
USW00012917,"PORT ARTHUR SE TX REGIONAL AIRPORT, TX US",2001-03,4
USW00012917,"PORT ARTHUR SE TX REGIONAL AIRPORT, TX US",2001-04,5.1
USW00012917,"PORT ARTHUR SE TX REGIONAL AIRPORT, TX US",2001-05,3.9
USW00012917,"PORT ARTHUR SE TX REGIONAL AIRPORT, TX US",2001-06,3.6
USW00012917,"PORT ARTHUR SE TX REGIONAL AIRPORT, TX US",2001-07,2.3
USW00012917,"PORT ARTHUR SE TX REGIONAL AIRPORT, TX US",2001-08,2.6
USW00012917,"PORT ARTHUR SE TX REGIONAL AIRPORT, TX US",2001-09,3
USW00012917,"PORT ARTHUR SE TX REGIONAL AIRPORT, TX US",2001-10,3.4
USW00012917,"PORT ARTHUR SE TX REGIONAL AIRPORT, TX US",2001-11,3.3
USW00012917,"PORT ARTHUR SE TX REGIONAL AIRPORT, TX US",2001-12,3.9
USW00012917,"PORT ARTHUR SE TX REGIONAL AIRPORT, TX US",2002-01,4.4
USW00012917,"PORT ARTHUR SE TX REGIONAL AIRPORT, TX US",2002-02,4.3
USW00012917,"PORT ARTHUR SE TX REGIONAL AIRPORT, TX US",2002-03,5.6
USW00012917,"PORT ARTHUR SE TX REGIONAL AIRPORT, TX US",2002-04,4.2
USW00012917,"PORT ARTHUR SE TX REGIONAL AIRPORT, TX US",2002-05,4.6
USW00012917,"PORT ARTHUR SE TX REGIONAL AIRPORT, TX US",2002-06,3.2
USW00012917,"PORT ARTHUR SE TX REGIONAL AIRPORT, TX US",2002-07,2.7
USW00012917,"PORT ARTHUR SE TX REGIONAL AIRPORT, TX US",2002-08,2.7
USW00012917,"PORT ARTHUR SE TX REGIONAL AIRPORT, TX US",2002-09,4
USW00012917,"PORT ARTHUR SE TX REGIONAL AIRPORT, TX US",2002-10,3.5
USW00012917,"PORT ARTHUR SE TX REGIONAL AIRPORT, TX US",2002-11,3.8
USW00012917,"PORT ARTHUR SE TX REGIONAL AIRPORT, TX US",2002-12,4.3
USW00012917,"PORT ARTHUR SE TX REGIONAL AIRPORT, TX US",2003-01,3.9
USW00012917,"PORT ARTHUR SE TX REGIONAL AIRPORT, TX US",2003-02,4.6
USW00012917,"PORT ARTHUR SE TX REGIONAL AIRPORT, TX US",2003-03,3.6
USW00012917,"PORT ARTHUR SE TX REGIONAL AIRPORT, TX US",2003-04,4.1
USW00012917,"PORT ARTHUR SE TX REGIONAL AIRPORT, TX US",2003-05,4.2
USW00012917,"PORT ARTHUR SE TX REGIONAL AIRPORT, TX US",2003-06,3.1
USW00012917,"PORT ARTHUR SE TX REGIONAL AIRPORT, TX US",2003-07,2.6
USW00012917,"PORT ARTHUR SE TX REGIONAL AIRPORT, TX US",2003-08,2.8
USW00012917,"PORT ARTHUR SE TX REGIONAL AIRPORT, TX US",2003-09,2.6
USW00012917,"PORT ARTHUR SE TX REGIONAL AIRPORT, TX US",2003-10,2.9
USW00012917,"PORT ARTHUR SE TX REGIONAL AIRPORT, TX US",2003-11,3.8
USW00012917,"PORT ARTHUR SE TX REGIONAL AIRPORT, TX US",2003-12,4.1
USW00012917,"PORT ARTHUR SE TX REGIONAL AIRPORT, TX US",2004-01,4.1
USW00012917,"PORT ARTHUR SE TX REGIONAL AIRPORT, TX US",2004-02,4.7
USW00012917,"PORT ARTHUR SE TX REGIONAL AIRPORT, TX US",2004-03,4.1
USW00012917,"PORT ARTHUR SE TX REGIONAL AIRPORT, TX US",2004-04,4.1
USW00012917,"PORT ARTHUR SE TX REGIONAL AIRPORT, TX US",2004-05,4.1
USW00012917,"PORT ARTHUR SE TX REGIONAL AIRPORT, TX US",2004-06,3
USW00012917,"PORT ARTHUR SE TX REGIONAL AIRPORT, TX US",2004-07,2.4
USW00012917,"PORT ARTHUR SE TX REGIONAL AIRPORT, TX US",2004-08,2.9
USW00012917,"PORT ARTHUR SE TX REGIONAL AIRPORT, TX US",2004-09,3.1
USW00012917,"PORT ARTHUR SE TX REGIONAL AIRPORT, TX US",2004-10,3.5
USW00012917,"PORT ARTHUR SE TX REGIONAL AIRPORT, TX US",2004-11,4
USW00012917,"PORT ARTHUR SE TX REGIONAL AIRPORT, TX US",2004-12,3.4
USW00012917,"PORT ARTHUR SE TX REGIONAL AIRPORT, TX US",2005-01,3.9
USW00012917,"PORT ARTHUR SE TX REGIONAL AIRPORT, TX US",2005-02,4.1
USW00012917,"PORT ARTHUR SE TX REGIONAL AIRPORT, TX US",2005-03,3.9
USW00012917,"PORT ARTHUR SE TX REGIONAL AIRPORT, TX US",2005-04,4.4
USW00012917,"PORT ARTHUR SE TX REGIONAL AIRPORT, TX US",2005-05,3.3
USW00012917,"PORT ARTHUR SE TX REGIONAL AIRPORT, TX US",2005-06,3.1
USW00012917,"PORT ARTHUR SE TX REGIONAL AIRPORT, TX US",2005-07,2.6
USW00012917,"PORT ARTHUR SE TX REGIONAL AIRPORT, TX US",2005-08,2.2
USW00012917,"PORT ARTHUR SE TX REGIONAL AIRPORT, TX US",2005-09,3.5
USW00012917,"PORT ARTHUR SE TX REGIONAL AIRPORT, TX US",2005-10,3.4
USW00012917,"PORT ARTHUR SE TX REGIONAL AIRPORT, TX US",2005-11,3.6
USW00012917,"PORT ARTHUR SE TX REGIONAL AIRPORT, TX US",2005-12,4.1
USW00012917,"PORT ARTHUR SE TX REGIONAL AIRPORT, TX US",2006-01,4.4
USW00012917,"PORT ARTHUR SE TX REGIONAL AIRPORT, TX US",2006-02,4.6
USW00012917,"PORT ARTHUR SE TX REGIONAL AIRPORT, TX US",2006-03,5
USW00012917,"PORT ARTHUR SE TX REGIONAL AIRPORT, TX US",2006-04,4.1
USW00012917,"PORT ARTHUR SE TX REGIONAL AIRPORT, TX US",2006-05,3.8
USW00012917,"PORT ARTHUR SE TX REGIONAL AIRPORT, TX US",2006-06,2.7
USW00012917,"PORT ARTHUR SE TX REGIONAL AIRPORT, TX US",2006-07,2.6
USW00012917,"PORT ARTHUR SE TX REGIONAL AIRPORT, TX US",2006-08,2
USW00012917,"PORT ARTHUR SE TX REGIONAL AIRPORT, TX US",2006-09,2.7
USW00012917,"PORT ARTHUR SE TX REGIONAL AIRPORT, TX US",2006-10,3.4
USW00012917,"PORT ARTHUR SE TX REGIONAL AIRPORT, TX US",2006-11,3.6
USW00012917,"PORT ARTHUR SE TX REGIONAL AIRPORT, TX US",2006-12,4.3
USW00012917,"PORT ARTHUR SE TX REGIONAL AIRPORT, TX US",2007-01,4.3
USW00012917,"PORT ARTHUR SE TX REGIONAL AIRPORT, TX US",2007-02,4
USW00012917,"PORT ARTHUR SE TX REGIONAL AIRPORT, TX US",2007-03,4.4
USW00012917,"PORT ARTHUR SE TX REGIONAL AIRPORT, TX US",2007-04,4.2
USW00012917,"PORT ARTHUR SE TX REGIONAL AIRPORT, TX US",2007-05,4.1
USW00012917,"PORT ARTHUR SE TX REGIONAL AIRPORT, TX US",2007-06,3
USW00012917,"PORT ARTHUR SE TX REGIONAL AIRPORT, TX US",2007-07,2.3
USW00012917,"PORT ARTHUR SE TX REGIONAL AIRPORT, TX US",2007-08,2.4
USW00012917,"PORT ARTHUR SE TX REGIONAL AIRPORT, TX US",2007-09,2.6
USW00012917,"PORT ARTHUR SE TX REGIONAL AIRPORT, TX US",2007-10,3.3
USW00012917,"PORT ARTHUR SE TX REGIONAL AIRPORT, TX US",2007-11,3.2
USW00012917,"PORT ARTHUR SE TX REGIONAL AIRPORT, TX US",2007-12,4.1
USW00012917,"PORT ARTHUR SE TX REGIONAL AIRPORT, TX US",2008-01,4.6
USW00012917,"PORT ARTHUR SE TX REGIONAL AIRPORT, TX US",2008-02,4.6
USW00012917,"PORT ARTHUR SE TX REGIONAL AIRPORT, TX US",2008-03,5.2
USW00012917,"PORT ARTHUR SE TX REGIONAL AIRPORT, TX US",2008-04,4.5
USW00012917,"PORT ARTHUR SE TX REGIONAL AIRPORT, TX US",2008-05,4.5
USW00012917,"PORT ARTHUR SE TX REGIONAL AIRPORT, TX US",2008-06,3.5
USW00012917,"PORT ARTHUR SE TX REGIONAL AIRPORT, TX US",2008-07,2.5
USW00012917,"PORT ARTHUR SE TX REGIONAL AIRPORT, TX US",2008-08,2.6
USW00012917,"PORT ARTHUR SE TX REGIONAL AIRPORT, TX US",2008-09,4.2
USW00012917,"PORT ARTHUR SE TX REGIONAL AIRPORT, TX US",2008-10,3
USW00012917,"PORT ARTHUR SE TX REGIONAL AIRPORT, TX US",2008-11,3.3
USW00012917,"PORT ARTHUR SE TX REGIONAL AIRPORT, TX US",2008-12,4.8
USW00012917,"PORT ARTHUR SE TX REGIONAL AIRPORT, TX US",2009-01,3.9
USW00012917,"PORT ARTHUR SE TX REGIONAL AIRPORT, TX US",2009-02,5.1
USW00012917,"PORT ARTHUR SE TX REGIONAL AIRPORT, TX US",2009-03,4.6
USW00012917,"PORT ARTHUR SE TX REGIONAL AIRPORT, TX US",2009-04,5.3
USW00012917,"PORT ARTHUR SE TX REGIONAL AIRPORT, TX US",2009-05,3.7
USW00012917,"PORT ARTHUR SE TX REGIONAL AIRPORT, TX US",2009-06,3.1
USW00012917,"PORT ARTHUR SE TX REGIONAL AIRPORT, TX US",2009-07,2.8
USW00012917,"PORT ARTHUR SE TX REGIONAL AIRPORT, TX US",2009-08,2.2
USW00012917,"PORT ARTHUR SE TX REGIONAL AIRPORT, TX US",2009-09,2.7
USW00012917,"PORT ARTHUR SE TX REGIONAL AIRPORT, TX US",2009-10,4.3
USW00012917,"PORT ARTHUR SE TX REGIONAL AIRPORT, TX US",2009-11,3.2
USW00012917,"PORT ARTHUR SE TX REGIONAL AIRPORT, TX US",2009-12,4.1
USW00012917,"PORT ARTHUR SE TX REGIONAL AIRPORT, TX US",2010-01,4
USW00012917,"PORT ARTHUR SE TX REGIONAL AIRPORT, TX US",2010-02,4.2
USW00012917,"PORT ARTHUR SE TX REGIONAL AIRPORT, TX US",2010-03,3.8
USW00012917,"PORT ARTHUR SE TX REGIONAL AIRPORT, TX US",2010-04,4.7
USW00012917,"PORT ARTHUR SE TX REGIONAL AIRPORT, TX US",2010-05,4.1
USW00012917,"PORT ARTHUR SE TX REGIONAL AIRPORT, TX US",2010-06,3.2
USW00012917,"PORT ARTHUR SE TX REGIONAL AIRPORT, TX US",2010-07,3
USW00012917,"PORT ARTHUR SE TX REGIONAL AIRPORT, TX US",2010-08,2.4
USW00012917,"PORT ARTHUR SE TX REGIONAL AIRPORT, TX US",2010-09,3
USW00012917,"PORT ARTHUR SE TX REGIONAL AIRPORT, TX US",2010-10,3
USW00012917,"PORT ARTHUR SE TX REGIONAL AIRPORT, TX US",2010-11,4
USW00012917,"PORT ARTHUR SE TX REGIONAL AIRPORT, TX US",2010-12,4.3
USW00012917,"PORT ARTHUR SE TX REGIONAL AIRPORT, TX US",2011-01,3.9
USW00012917,"PORT ARTHUR SE TX REGIONAL AIRPORT, TX US",2011-02,4.6
USW00012917,"PORT ARTHUR SE TX REGIONAL AIRPORT, TX US",2011-03,4.2
USW00012917,"PORT ARTHUR SE TX REGIONAL AIRPORT, TX US",2011-04,5.4
USW00012917,"PORT ARTHUR SE TX REGIONAL AIRPORT, TX US",2011-05,5.3
USW00012917,"PORT ARTHUR SE TX REGIONAL AIRPORT, TX US",2011-06,3.6
USW00012917,"PORT ARTHUR SE TX REGIONAL AIRPORT, TX US",2011-07,2.4
USW00012917,"PORT ARTHUR SE TX REGIONAL AIRPORT, TX US",2011-08,2.5
USW00012917,"PORT ARTHUR SE TX REGIONAL AIRPORT, TX US",2011-09,3.5
USW00012917,"PORT ARTHUR SE TX REGIONAL AIRPORT, TX US",2011-10,3.2
USW00012917,"PORT ARTHUR SE TX REGIONAL AIRPORT, TX US",2011-11,4.6
USW00012917,"PORT ARTHUR SE TX REGIONAL AIRPORT, TX US",2011-12,4
USW00012917,"PORT ARTHUR SE TX REGIONAL AIRPORT, TX US",2012-01,4.1
USW00012917,"PORT ARTHUR SE TX REGIONAL AIRPORT, TX US",2012-02,4.2
USW00012917,"PORT ARTHUR SE TX REGIONAL AIRPORT, TX US",2012-03,4.3
USW00012917,"PORT ARTHUR SE TX REGIONAL AIRPORT, TX US",2012-04,4.2
USW00012917,"PORT ARTHUR SE TX REGIONAL AIRPORT, TX US",2012-05,3.1
USW00012917,"PORT ARTHUR SE TX REGIONAL AIRPORT, TX US",2012-06,2.9
USW00012917,"PORT ARTHUR SE TX REGIONAL AIRPORT, TX US",2012-07,2.1
USW00012917,"PORT ARTHUR SE TX REGIONAL AIRPORT, TX US",2012-08,2.8
USW00012917,"PORT ARTHUR SE TX REGIONAL AIRPORT, TX US",2012-09,2.5
USW00012917,"PORT ARTHUR SE TX REGIONAL AIRPORT, TX US",2012-10,3.3
USW00012917,"PORT ARTHUR SE TX REGIONAL AIRPORT, TX US",2012-11,3
USW00012917,"PORT ARTHUR SE TX REGIONAL AIRPORT, TX US",2012-12,4.2
USW00012917,"PORT ARTHUR SE TX REGIONAL AIRPORT, TX US",2013-01,4.2
USW00012917,"PORT ARTHUR SE TX REGIONAL AIRPORT, TX US",2013-02,4.3
USW00012917,"PORT ARTHUR SE TX REGIONAL AIRPORT, TX US",2013-03,4.3
USW00012917,"PORT ARTHUR SE TX REGIONAL AIRPORT, TX US",2013-04,4.7
USW00012917,"PORT ARTHUR SE TX REGIONAL AIRPORT, TX US",2013-05,4.3
USW00012917,"PORT ARTHUR SE TX REGIONAL AIRPORT, TX US",2013-06,2.6
USW00012917,"PORT ARTHUR SE TX REGIONAL AIRPORT, TX US",2013-07,2.8
USW00012917,"PORT ARTHUR SE TX REGIONAL AIRPORT, TX US",2013-08,2.6
USW00012917,"PORT ARTHUR SE TX REGIONAL AIRPORT, TX US",2013-09,3
USW00012917,"PORT ARTHUR SE TX REGIONAL AIRPORT, TX US",2013-10,2.9
USW00012917,"PORT ARTHUR SE TX REGIONAL AIRPORT, TX US",2013-11,4.2
USW00012917,"PORT ARTHUR SE TX REGIONAL AIRPORT, TX US",2013-12,3.7
USW00012917,"PORT ARTHUR SE TX REGIONAL AIRPORT, TX US",2014-01,4.2
USW00012917,"PORT ARTHUR SE TX REGIONAL AIRPORT, TX US",2014-02,4.4
USW00012917,"PORT ARTHUR SE TX REGIONAL AIRPORT, TX US",2014-03,4.6
USW00012917,"PORT ARTHUR SE TX REGIONAL AIRPORT, TX US",2014-04,4.8
USW00012917,"PORT ARTHUR SE TX REGIONAL AIRPORT, TX US",2014-05,4.4
USW00012917,"PORT ARTHUR SE TX REGIONAL AIRPORT, TX US",2014-06,3.8
USW00012917,"PORT ARTHUR SE TX REGIONAL AIRPORT, TX US",2014-07,2.4
USW00012917,"PORT ARTHUR SE TX REGIONAL AIRPORT, TX US",2014-08,2.9
USW00012917,"PORT ARTHUR SE TX REGIONAL AIRPORT, TX US",2014-09,2.9
USW00012917,"PORT ARTHUR SE TX REGIONAL AIRPORT, TX US",2014-10,3.1
USW00012917,"PORT ARTHUR SE TX REGIONAL AIRPORT, TX US",2014-11,4.3
USW00012917,"PORT ARTHUR SE TX REGIONAL AIRPORT, TX US",2014-12,3.9
USW00012917,"PORT ARTHUR SE TX REGIONAL AIRPORT, TX US",2015-01,3.8
USW00012917,"PORT ARTHUR SE TX REGIONAL AIRPORT, TX US",2015-02,4.2
USW00012917,"PORT ARTHUR SE TX REGIONAL AIRPORT, TX US",2015-03,3.5
USW00012917,"PORT ARTHUR SE TX REGIONAL AIRPORT, TX US",2015-04,3.8
USW00012917,"PORT ARTHUR SE TX REGIONAL AIRPORT, TX US",2015-05,4.4
USW00012917,"PORT ARTHUR SE TX REGIONAL AIRPORT, TX US",2015-06,3.1
USW00012917,"PORT ARTHUR SE TX REGIONAL AIRPORT, TX US",2015-07,2.9
USW00012917,"PORT ARTHUR SE TX REGIONAL AIRPORT, TX US",2015-08,2.6
USW00012917,"PORT ARTHUR SE TX REGIONAL AIRPORT, TX US",2015-09,2.6
USW00012917,"PORT ARTHUR SE TX REGIONAL AIRPORT, TX US",2015-10,4
USW00012917,"PORT ARTHUR SE TX REGIONAL AIRPORT, TX US",2015-11,4
USW00012917,"PORT ARTHUR SE TX REGIONAL AIRPORT, TX US",2015-12,4.2
USW00012917,"PORT ARTHUR SE TX REGIONAL AIRPORT, TX US",2016-01,3.8
USW00012917,"PORT ARTHUR SE TX REGIONAL AIRPORT, TX US",2016-02,3.8
USW00012917,"PORT ARTHUR SE TX REGIONAL AIRPORT, TX US",2016-03,4.7
USW00012917,"PORT ARTHUR SE TX REGIONAL AIRPORT, TX US",2016-04,4.3
USW00012917,"PORT ARTHUR SE TX REGIONAL AIRPORT, TX US",2016-05,3.7
USW00012917,"PORT ARTHUR SE TX REGIONAL AIRPORT, TX US",2016-06,2.7
USW00012917,"PORT ARTHUR SE TX REGIONAL AIRPORT, TX US",2016-07,2.8
USW00012917,"PORT ARTHUR SE TX REGIONAL AIRPORT, TX US",2016-08,2.6
USW00012917,"PORT ARTHUR SE TX REGIONAL AIRPORT, TX US",2016-09,2.8
USW00012917,"PORT ARTHUR SE TX REGIONAL AIRPORT, TX US",2016-10,2.8
USW00012917,"PORT ARTHUR SE TX REGIONAL AIRPORT, TX US",2016-11,3.5
USW00012917,"PORT ARTHUR SE TX REGIONAL AIRPORT, TX US",2016-12,4.3
USW00012917,"PORT ARTHUR SE TX REGIONAL AIRPORT, TX US",2017-01,4.4
USW00012917,"PORT ARTHUR SE TX REGIONAL AIRPORT, TX US",2017-02,4.6
USW00012917,"PORT ARTHUR SE TX REGIONAL AIRPORT, TX US",2017-03,4.5
USW00012917,"PORT ARTHUR SE TX REGIONAL AIRPORT, TX US",2017-04,4.5
USW00012917,"PORT ARTHUR SE TX REGIONAL AIRPORT, TX US",2017-05,4.3
USW00012917,"PORT ARTHUR SE TX REGIONAL AIRPORT, TX US",2017-06,4
USW00012917,"PORT ARTHUR SE TX REGIONAL AIRPORT, TX US",2017-07,
USW00012917,"PORT ARTHUR SE TX REGIONAL AIRPORT, TX US",2017-08,3.5
USW00012917,"PORT ARTHUR SE TX REGIONAL AIRPORT, TX US",2017-09,2.7
USW00012917,"PORT ARTHUR SE TX REGIONAL AIRPORT, TX US",2017-10,3.5
USW00012917,"PORT ARTHUR SE TX REGIONAL AIRPORT, TX US",2017-11,3.3
USW00012917,"PORT ARTHUR SE TX REGIONAL AIRPORT, TX US",2017-12,3.7
USW00012917,"PORT ARTHUR SE TX REGIONAL AIRPORT, TX US",2018-01,4
USW00012917,"PORT ARTHUR SE TX REGIONAL AIRPORT, TX US",2018-02,4.8
USW00012917,"PORT ARTHUR SE TX REGIONAL AIRPORT, TX US",2018-03,4.4
USW00012917,"PORT ARTHUR SE TX REGIONAL AIRPORT, TX US",2018-04,4.3
USW00012917,"PORT ARTHUR SE TX REGIONAL AIRPORT, TX US",2018-05,3.4
USW00012917,"PORT ARTHUR SE TX REGIONAL AIRPORT, TX US",2018-06,5
USW00012917,"PORT ARTHUR SE TX REGIONAL AIRPORT, TX US",2018-07,2.4
USW00012917,"PORT ARTHUR SE TX REGIONAL AIRPORT, TX US",2018-08,2.7
USW00012917,"PORT ARTHUR SE TX REGIONAL AIRPORT, TX US",2018-09,2.5
USW00012917,"PORT ARTHUR SE TX REGIONAL AIRPORT, TX US",2018-10,3.8
USW00012917,"PORT ARTHUR SE TX REGIONAL AIRPORT, TX US",2018-11,3.8
USW00012917,"PORT ARTHUR SE TX REGIONAL AIRPORT, TX US",2018-12,4
USW00012917,"PORT ARTHUR SE TX REGIONAL AIRPORT, TX US",2019-01,3.9
USW00012917,"PORT ARTHUR SE TX REGIONAL AIRPORT, TX US",2019-02,4.6
USW00012917,"PORT ARTHUR SE TX REGIONAL AIRPORT, TX US",2019-03,4.3
USW00012917,"PORT ARTHUR SE TX REGIONAL AIRPORT, TX US",2019-04,4.7
USW00012917,"PORT ARTHUR SE TX REGIONAL AIRPORT, TX US",2019-05,4.7
USW00012917,"PORT ARTHUR SE TX REGIONAL AIRPORT, TX US",2019-06,3.4
USW00012917,"PORT ARTHUR SE TX REGIONAL AIRPORT, TX US",2019-07,3.1
USW00012917,"PORT ARTHUR SE TX REGIONAL AIRPORT, TX US",2019-08,2.2
USW00012917,"PORT ARTHUR SE TX REGIONAL AIRPORT, TX US",2019-09,3.1
USW00012917,"PORT ARTHUR SE TX REGIONAL AIRPORT, TX US",2019-10,3.6
USW00012917,"PORT ARTHUR SE TX REGIONAL AIRPORT, TX US",2019-11,3.6
USW00012917,"PORT ARTHUR SE TX REGIONAL AIRPORT, TX US",2019-12,3.4
USW00012917,"PORT ARTHUR SE TX REGIONAL AIRPORT, TX US",2020-01,3.9
USW00012917,"PORT ARTHUR SE TX REGIONAL AIRPORT, TX US",2020-02,4.1
USW00012917,"PORT ARTHUR SE TX REGIONAL AIRPORT, TX US",2020-03,4.5
USW00012917,"PORT ARTHUR SE TX REGIONAL AIRPORT, TX US",2020-04,4.4
USW00012917,"PORT ARTHUR SE TX REGIONAL AIRPORT, TX US",2020-05,4
USW00012917,"PORT ARTHUR SE TX REGIONAL AIRPORT, TX US",2020-06,3.3
USW00012917,"PORT ARTHUR SE TX REGIONAL AIRPORT, TX US",2020-07,3.3
USW00012917,"PORT ARTHUR SE TX REGIONAL AIRPORT, TX US",2020-08,2.7
USW00012917,"PORT ARTHUR SE TX REGIONAL AIRPORT, TX US",2020-09,3.8
USW00012917,"PORT ARTHUR SE TX REGIONAL AIRPORT, TX US",2020-10,3.6
USW00012917,"PORT ARTHUR SE TX REGIONAL AIRPORT, TX US",2020-11,3.5
USW00012917,"PORT ARTHUR SE TX REGIONAL AIRPORT, TX US",2020-12,4.1